index_code,trade_date,close
000905.SH,2020-01-01,6000.0
000905.SH,2020-01-02,6029.83
000905.SH,2020-01-03,6069.51
000905.SH,2020-01-06,6021.33
000905.SH,2020-01-07,5955.93
000905.SH,2020-01-08,6023.29
000905.SH,2020-01-09,6051.46
000905.SH,2020-01-10,6166.67
000905.SH,2020-01-13,6324.53
000905.SH,2020-01-14,6416.47
000905.SH,2020-01-15,6295.56
000905.SH,2020-01-16,6260.41
000905.SH,2020-01-17,6298.6
000905.SH,2020-01-20,6351.54
000905.SH,2020-01-21,6215.56
000905.SH,2020-01-22,6329.54
000905.SH,2020-01-23,6484.01
000905.SH,2020-01-24,6459.63
000905.SH,2020-01-27,6350.4
000905.SH,2020-01-28,6195.24
000905.SH,2020-01-29,6369.5
000905.SH,2020-01-30,6395.19
000905.SH,2020-01-31,6422.56
000905.SH,2020-02-03,6474.29
000905.SH,2020-02-04,6538.73
000905.SH,2020-02-05,6582.85
000905.SH,2020-02-06,6638.34
000905.SH,2020-02-07,6656.15
000905.SH,2020-02-10,6672.09
000905.SH,2020-02-11,6576.46
000905.SH,2020-02-12,6416.61
000905.SH,2020-02-13,6418.42
000905.SH,2020-02-14,6610.21
000905.SH,2020-02-17,6729.58
000905.SH,2020-02-18,6768.08
000905.SH,2020-02-19,6777.04
000905.SH,2020-02-20,6851.76
000905.SH,2020-02-21,6993.51
000905.SH,2020-02-24,7110.28
000905.SH,2020-02-25,7066.19
000905.SH,2020-02-26,6984.22
000905.SH,2020-02-27,7161.73
000905.SH,2020-02-28,7116.71
000905.SH,2020-03-02,7116.2
000905.SH,2020-03-03,7109.61
000905.SH,2020-03-04,6995.28
000905.SH,2020-03-05,7098.95
000905.SH,2020-03-06,7097.29
000905.SH,2020-03-09,7244.47
000905.SH,2020-03-10,7161.1
000905.SH,2020-03-11,7212.82
000905.SH,2020-03-12,7301.05
000905.SH,2020-03-13,7243.21
000905.SH,2020-03-16,7214.96
000905.SH,2020-03-17,7121.56
000905.SH,2020-03-18,7080.8
000905.SH,2020-03-19,7090.99
000905.SH,2020-03-20,7061.82
000905.SH,2020-03-23,6910.94
000905.SH,2020-03-24,6975.34
000905.SH,2020-03-25,7085.35
000905.SH,2020-03-26,6903.24
000905.SH,2020-03-27,7142.31
000905.SH,2020-03-30,6943.92
000905.SH,2020-03-31,6847.89
000905.SH,2020-04-01,6687.01
000905.SH,2020-04-02,6659.89
000905.SH,2020-04-03,6648.8
000905.SH,2020-04-06,6825.05
000905.SH,2020-04-07,6785.41
000905.SH,2020-04-08,6675.41
000905.SH,2020-04-09,6783.69
000905.SH,2020-04-10,6781.78
000905.SH,2020-04-13,6883.95
000905.SH,2020-04-14,6982.25
000905.SH,2020-04-15,6901.15
000905.SH,2020-04-16,6885.24
000905.SH,2020-04-17,7019.42
000905.SH,2020-04-20,7025.25
000905.SH,2020-04-21,7030.62
000905.SH,2020-04-22,7013.62
000905.SH,2020-04-23,6939.42
000905.SH,2020-04-24,6826.3
000905.SH,2020-04-27,6876.23
000905.SH,2020-04-28,6833.27
000905.SH,2020-04-29,6714.69
000905.SH,2020-04-30,6483.72
000905.SH,2020-05-01,6609.75
000905.SH,2020-05-04,6634.06
000905.SH,2020-05-05,6593.45
000905.SH,2020-05-06,6534.82
000905.SH,2020-05-07,6441.01
000905.SH,2020-05-08,6535.39
000905.SH,2020-05-11,6546.21
000905.SH,2020-05-12,6547.29
000905.SH,2020-05-13,6760.53
000905.SH,2020-05-14,6911.17
000905.SH,2020-05-15,6795.56
000905.SH,2020-05-18,6711.93
000905.SH,2020-05-19,6763.28
000905.SH,2020-05-20,6879.36
000905.SH,2020-05-21,6914.79
000905.SH,2020-05-22,6972.23
000905.SH,2020-05-25,6892.07
000905.SH,2020-05-26,6998.79
000905.SH,2020-05-27,6891.44
000905.SH,2020-05-28,7026.17
000905.SH,2020-05-29,7205.2
000905.SH,2020-06-01,7237.53
000905.SH,2020-06-02,7289.95
000905.SH,2020-06-03,7037.6
000905.SH,2020-06-04,7105.64
000905.SH,2020-06-05,7141.13
000905.SH,2020-06-08,7277.07
000905.SH,2020-06-09,7254.94
000905.SH,2020-06-10,7257.61
000905.SH,2020-06-11,7391.47
000905.SH,2020-06-12,7512.02
000905.SH,2020-06-15,7652.97
000905.SH,2020-06-16,7580.34
000905.SH,2020-06-17,7743.61
000905.SH,2020-06-18,8090.8
000905.SH,2020-06-19,8088.75
000905.SH,2020-06-22,7973.86
000905.SH,2020-06-23,7929.09
000905.SH,2020-06-24,7792.31
000905.SH,2020-06-25,7671.25
000905.SH,2020-06-26,7664.8
000905.SH,2020-06-29,7599.91
000905.SH,2020-06-30,7627.37
000905.SH,2020-07-01,7834.4
000905.SH,2020-07-02,7605.06
000905.SH,2020-07-03,7488.76
000905.SH,2020-07-06,7441.72
000905.SH,2020-07-07,7342.88
000905.SH,2020-07-08,7355.65
000905.SH,2020-07-09,7361.83
000905.SH,2020-07-10,7343.31
000905.SH,2020-07-13,7453.73
000905.SH,2020-07-14,7351.02
000905.SH,2020-07-15,7342.74
000905.SH,2020-07-16,7402.87
000905.SH,2020-07-17,7479.38
000905.SH,2020-07-20,7519.57
000905.SH,2020-07-21,7364.24
000905.SH,2020-07-22,7474.81
000905.SH,2020-07-23,7516.49
000905.SH,2020-07-24,7659.94
000905.SH,2020-07-27,7885.13
000905.SH,2020-07-28,7960.59
000905.SH,2020-07-29,7739.58
000905.SH,2020-07-30,7735.89
000905.SH,2020-07-31,7637.16
000905.SH,2020-08-03,7692.9
000905.SH,2020-08-04,7711.31
000905.SH,2020-08-05,7795.01
000905.SH,2020-08-06,7858.77
000905.SH,2020-08-07,7714.29
000905.SH,2020-08-10,7655.9
000905.SH,2020-08-11,7685.99
000905.SH,2020-08-12,7661.89
000905.SH,2020-08-13,7717.65
000905.SH,2020-08-14,7627.4
000905.SH,2020-08-17,7730.25
000905.SH,2020-08-18,7697.67
000905.SH,2020-08-19,7449.49
000905.SH,2020-08-20,7533.5
000905.SH,2020-08-21,7589.65
000905.SH,2020-08-24,7628.42
000905.SH,2020-08-25,7625.08
000905.SH,2020-08-26,7627.94
000905.SH,2020-08-27,7831.41
000905.SH,2020-08-28,8014.38
000905.SH,2020-08-31,8129.98
000905.SH,2020-09-01,8075.34
000905.SH,2020-09-02,8126.99
000905.SH,2020-09-03,7744.8
000905.SH,2020-09-04,7692.91
000905.SH,2020-09-07,7725.88
000905.SH,2020-09-08,7573.59
000905.SH,2020-09-09,7468.04
000905.SH,2020-09-10,7429.64
000905.SH,2020-09-11,7555.07
000905.SH,2020-09-14,7407.28
000905.SH,2020-09-15,7416.01
000905.SH,2020-09-16,7440.61
000905.SH,2020-09-17,7386.45
000905.SH,2020-09-18,7346.49
000905.SH,2020-09-21,7479.6
000905.SH,2020-09-22,7537.8
000905.SH,2020-09-23,7501.98
000905.SH,2020-09-24,7494.62
000905.SH,2020-09-25,7415.08
000905.SH,2020-09-28,7506.64
000905.SH,2020-09-29,7617.5
000905.SH,2020-09-30,7657.33
000905.SH,2020-10-01,7439.99
000905.SH,2020-10-02,7302.97
000905.SH,2020-10-05,7398.51
000905.SH,2020-10-06,7350.64
000905.SH,2020-10-07,7322.76
000905.SH,2020-10-08,7209.69
000905.SH,2020-10-09,7227.74
000905.SH,2020-10-12,7010.16
000905.SH,2020-10-13,7226.28
000905.SH,2020-10-14,7245.21
000905.SH,2020-10-15,7353.09
000905.SH,2020-10-16,7305.94
000905.SH,2020-10-19,7345.64
000905.SH,2020-10-20,7330.86
000905.SH,2020-10-21,7281.38
000905.SH,2020-10-22,7420.07
000905.SH,2020-10-23,7583.92
000905.SH,2020-10-26,7869.88
000905.SH,2020-10-27,7765.1
000905.SH,2020-10-28,7892.02
000905.SH,2020-10-29,8074.79
000905.SH,2020-10-30,8233.46
000905.SH,2020-11-02,8337.06
000905.SH,2020-11-03,8267.66
000905.SH,2020-11-04,8259.97
000905.SH,2020-11-05,8274.82
000905.SH,2020-11-06,8104.2
000905.SH,2020-11-09,8172.05
000905.SH,2020-11-10,8364.7
000905.SH,2020-11-11,8364.71
000905.SH,2020-11-12,8227.02
000905.SH,2020-11-13,8029.78
000905.SH,2020-11-16,8089.35
000905.SH,2020-11-17,8137.12
000905.SH,2020-11-18,8183.99
000905.SH,2020-11-19,8161.89
000905.SH,2020-11-20,8260.49
000905.SH,2020-11-23,8184.84
000905.SH,2020-11-24,8171.66
000905.SH,2020-11-25,8459.63
000905.SH,2020-11-26,8355.05
000905.SH,2020-11-27,8440.88
000905.SH,2020-11-30,8316.36
000905.SH,2020-12-01,8326.33
000905.SH,2020-12-02,8444.33
000905.SH,2020-12-03,8408.8
000905.SH,2020-12-04,8181.01
000905.SH,2020-12-07,8317.49
000905.SH,2020-12-08,8396.05
000905.SH,2020-12-09,8422.25
000905.SH,2020-12-10,8283.23
000905.SH,2020-12-11,8380.94
000905.SH,2020-12-14,8388.74
000905.SH,2020-12-15,8540.58
000905.SH,2020-12-16,8397.02
000905.SH,2020-12-17,8300.47
000905.SH,2020-12-18,8418.25
000905.SH,2020-12-21,8348.63
000905.SH,2020-12-22,8320.96
000905.SH,2020-12-23,8291.63
000905.SH,2020-12-24,8420.16
000905.SH,2020-12-25,8460.82
000905.SH,2020-12-28,8745.52
000905.SH,2020-12-29,8772.64
000905.SH,2020-12-30,8821.02
000905.SH,2020-12-31,8748.63
000905.SH,2021-01-01,8683.92
000905.SH,2021-01-04,8945.02
000905.SH,2021-01-05,9003.78
000905.SH,2021-01-06,9252.42
000905.SH,2021-01-07,9375.54
000905.SH,2021-01-08,9321.26
000905.SH,2021-01-11,9238.04
000905.SH,2021-01-12,9151.45
000905.SH,2021-01-13,9113.49
000905.SH,2021-01-14,9078.9
000905.SH,2021-01-15,9037.83
000905.SH,2021-01-18,9194.53
000905.SH,2021-01-19,9072.39
000905.SH,2021-01-20,9242.81
000905.SH,2021-01-21,9130.72
000905.SH,2021-01-22,9061.21
000905.SH,2021-01-25,8867.32
000905.SH,2021-01-26,9051.68
000905.SH,2021-01-27,9104.69
000905.SH,2021-01-28,9198.6
000905.SH,2021-01-29,9332.83
000905.SH,2021-02-01,9206.77
000905.SH,2021-02-02,9204.95
000905.SH,2021-02-03,9125.63
000905.SH,2021-02-04,9148.54
000905.SH,2021-02-05,9038.58
000905.SH,2021-02-08,8884.5
000905.SH,2021-02-09,9026.1
000905.SH,2021-02-10,9101.81
000905.SH,2021-02-11,9020.17
000905.SH,2021-02-12,9247.29
000905.SH,2021-02-15,9255.65
000905.SH,2021-02-16,9294.32
000905.SH,2021-02-17,9525.33
000905.SH,2021-02-18,9476.76
000905.SH,2021-02-19,9747.28
000905.SH,2021-02-22,9725.98
000905.SH,2021-02-23,9655.57
000905.SH,2021-02-24,9708.75
000905.SH,2021-02-25,9419.34
000905.SH,2021-02-26,9539.97
000905.SH,2021-03-01,9238.11
000905.SH,2021-03-02,9060.67
000905.SH,2021-03-03,9250.0
000905.SH,2021-03-04,9217.59
000905.SH,2021-03-05,8905.01
000905.SH,2021-03-08,8882.01
000905.SH,2021-03-09,8756.41
000905.SH,2021-03-10,8742.97
000905.SH,2021-03-11,8696.34
000905.SH,2021-03-12,8573.81
000905.SH,2021-03-15,8666.63
000905.SH,2021-03-16,8760.41
000905.SH,2021-03-17,8764.38
000905.SH,2021-03-18,8886.34
000905.SH,2021-03-19,8726.08
000905.SH,2021-03-22,8827.59
000905.SH,2021-03-23,8875.26
000905.SH,2021-03-24,8609.15
000905.SH,2021-03-25,8518.53
000905.SH,2021-03-26,8506.79
000905.SH,2021-03-29,8642.13
000905.SH,2021-03-30,8702.01
000905.SH,2021-03-31,8796.31
000905.SH,2021-04-01,8693.55
000905.SH,2021-04-02,8647.53
000905.SH,2021-04-05,8816.54
000905.SH,2021-04-06,9153.38
000905.SH,2021-04-07,9005.17
000905.SH,2021-04-08,9059.93
000905.SH,2021-04-09,9267.78
000905.SH,2021-04-12,9259.64
000905.SH,2021-04-13,9437.75
000905.SH,2021-04-14,9217.45
000905.SH,2021-04-15,9257.2
000905.SH,2021-04-16,9381.99
000905.SH,2021-04-19,9143.39
000905.SH,2021-04-20,8957.08
000905.SH,2021-04-21,8989.0
000905.SH,2021-04-22,8807.98
000905.SH,2021-04-23,8745.67
000905.SH,2021-04-26,8870.53
000905.SH,2021-04-27,8911.0
000905.SH,2021-04-28,8840.16
000905.SH,2021-04-29,8736.12
000905.SH,2021-04-30,8979.75
000905.SH,2021-05-03,9068.7
000905.SH,2021-05-04,8971.03
000905.SH,2021-05-05,8834.37
000905.SH,2021-05-06,8684.33
000905.SH,2021-05-07,8883.1
000905.SH,2021-05-10,8754.23
000905.SH,2021-05-11,8770.15
000905.SH,2021-05-12,8839.94
000905.SH,2021-05-13,8781.78
000905.SH,2021-05-14,8720.91
000905.SH,2021-05-17,8774.34
000905.SH,2021-05-18,8833.36
000905.SH,2021-05-19,8994.19
000905.SH,2021-05-20,9235.97
000905.SH,2021-05-21,9365.96
000905.SH,2021-05-24,9713.55
000905.SH,2021-05-25,9821.18
000905.SH,2021-05-26,10015.77
000905.SH,2021-05-27,10014.86
000905.SH,2021-05-28,9853.84
000905.SH,2021-05-31,10085.13
000905.SH,2021-06-01,10199.94
000905.SH,2021-06-02,10156.26
000905.SH,2021-06-03,10274.41
000905.SH,2021-06-04,10186.01
000905.SH,2021-06-07,10163.81
000905.SH,2021-06-08,10123.32
000905.SH,2021-06-09,10031.01
000905.SH,2021-06-10,10248.05
000905.SH,2021-06-11,10429.29
000905.SH,2021-06-14,10281.31
000905.SH,2021-06-15,10423.06
000905.SH,2021-06-16,10448.43
000905.SH,2021-06-17,10371.98
000905.SH,2021-06-18,10534.74
000905.SH,2021-06-21,10366.07
000905.SH,2021-06-22,10312.03
000905.SH,2021-06-23,10279.77
000905.SH,2021-06-24,10435.69
000905.SH,2021-06-25,10564.78
000905.SH,2021-06-28,10744.32
000905.SH,2021-06-29,10844.26
000905.SH,2021-06-30,10935.82
000905.SH,2021-07-01,10819.92
000905.SH,2021-07-02,10898.05
000905.SH,2021-07-05,11106.18
000905.SH,2021-07-06,10986.92
000905.SH,2021-07-07,11173.15
000905.SH,2021-07-08,11150.55
000905.SH,2021-07-09,11314.99
000905.SH,2021-07-12,11264.61
000905.SH,2021-07-13,11231.59
000905.SH,2021-07-14,11163.24
000905.SH,2021-07-15,11652.62
000905.SH,2021-07-16,11370.71
000905.SH,2021-07-19,11427.76
000905.SH,2021-07-20,11553.16
000905.SH,2021-07-21,11451.49
000905.SH,2021-07-22,11314.28
000905.SH,2021-07-23,11299.68
000905.SH,2021-07-26,11017.99
000905.SH,2021-07-27,11019.8
000905.SH,2021-07-28,10951.19
000905.SH,2021-07-29,11119.47
000905.SH,2021-07-30,10948.27
000905.SH,2021-08-02,10926.42
000905.SH,2021-08-03,11110.45
000905.SH,2021-08-04,10890.66
000905.SH,2021-08-05,10851.71
000905.SH,2021-08-06,10676.67
000905.SH,2021-08-09,10898.85
000905.SH,2021-08-10,10922.04
000905.SH,2021-08-11,11085.63
000905.SH,2021-08-12,11169.48
000905.SH,2021-08-13,10837.79
000905.SH,2021-08-16,10922.08
000905.SH,2021-08-17,11188.49
000905.SH,2021-08-18,11392.42
000905.SH,2021-08-19,11377.52
000905.SH,2021-08-20,11644.82
000905.SH,2021-08-23,11468.54
000905.SH,2021-08-24,11588.39
000905.SH,2021-08-25,11407.77
000905.SH,2021-08-26,11560.25
000905.SH,2021-08-27,11709.09
000905.SH,2021-08-30,11380.39
000905.SH,2021-08-31,11715.68
000905.SH,2021-09-01,11897.76
000905.SH,2021-09-02,12041.47
000905.SH,2021-09-03,11877.62
000905.SH,2021-09-06,11791.88
000905.SH,2021-09-07,11787.52
000905.SH,2021-09-08,12159.37
000905.SH,2021-09-09,12182.6
000905.SH,2021-09-10,12151.86
000905.SH,2021-09-13,12074.04
000905.SH,2021-09-14,11793.83
000905.SH,2021-09-15,11890.72
000905.SH,2021-09-16,11698.04
000905.SH,2021-09-17,11787.81
000905.SH,2021-09-20,11970.64
000905.SH,2021-09-21,11701.16
000905.SH,2021-09-22,11533.87
000905.SH,2021-09-23,11478.16
000905.SH,2021-09-24,11396.89
000905.SH,2021-09-27,11559.62
000905.SH,2021-09-28,11423.15
000905.SH,2021-09-29,11436.32
000905.SH,2021-09-30,11473.42
000905.SH,2021-10-01,11533.7
000905.SH,2021-10-04,11269.64
000905.SH,2021-10-05,11341.93
000905.SH,2021-10-06,11330.29
000905.SH,2021-10-07,11432.0
000905.SH,2021-10-08,11396.9
000905.SH,2021-10-11,11498.6
000905.SH,2021-10-12,11717.85
000905.SH,2021-10-13,11818.27
000905.SH,2021-10-14,11753.75
000905.SH,2021-10-15,11786.11
000905.SH,2021-10-18,11174.08
000905.SH,2021-10-19,10983.32
000905.SH,2021-10-20,10873.67
000905.SH,2021-10-21,10789.01
000905.SH,2021-10-22,10428.0
000905.SH,2021-10-25,10734.16
000905.SH,2021-10-26,10866.06
000905.SH,2021-10-27,10706.88
000905.SH,2021-10-28,10924.95
000905.SH,2021-10-29,10987.46
000905.SH,2021-11-01,10912.91
000905.SH,2021-11-02,10732.74
000905.SH,2021-11-03,10739.91
000905.SH,2021-11-04,10895.31
000905.SH,2021-11-05,10930.98
000905.SH,2021-11-08,11063.6
000905.SH,2021-11-09,10722.33
000905.SH,2021-11-10,11045.06
000905.SH,2021-11-11,10875.4
000905.SH,2021-11-12,11048.41
000905.SH,2021-11-15,11162.93
000905.SH,2021-11-16,11202.8
000905.SH,2021-11-17,10972.12
000905.SH,2021-11-18,10900.07
000905.SH,2021-11-19,10851.99
000905.SH,2021-11-22,11001.75
000905.SH,2021-11-23,10891.85
000905.SH,2021-11-24,10775.83
000905.SH,2021-11-25,10856.02
000905.SH,2021-11-26,10734.22
000905.SH,2021-11-29,10659.13
000905.SH,2021-11-30,10751.17
000905.SH,2021-12-01,10694.4
000905.SH,2021-12-02,10711.57
000905.SH,2021-12-03,10482.13
000905.SH,2021-12-06,10381.21
000905.SH,2021-12-07,10516.22
000905.SH,2021-12-08,10503.34
000905.SH,2021-12-09,10567.37
000905.SH,2021-12-10,10755.82
000905.SH,2021-12-13,10910.48
000905.SH,2021-12-14,10800.93
000905.SH,2021-12-15,10751.94
000905.SH,2021-12-16,10676.38
000905.SH,2021-12-17,10773.03
000905.SH,2021-12-20,10928.32
000905.SH,2021-12-21,10860.87
000905.SH,2021-12-22,10933.2
000905.SH,2021-12-23,11237.88
000905.SH,2021-12-24,11167.65
000905.SH,2021-12-27,11192.05
000905.SH,2021-12-28,11105.4
000905.SH,2021-12-29,10875.24
000905.SH,2021-12-30,10954.55
000905.SH,2021-12-31,10951.44
000905.SH,2022-01-03,10793.98
000905.SH,2022-01-04,10777.74
000905.SH,2022-01-05,10835.83
000905.SH,2022-01-06,10978.02
000905.SH,2022-01-07,10816.25
000905.SH,2022-01-10,10851.17
000905.SH,2022-01-11,10470.65
000905.SH,2022-01-12,10477.85
000905.SH,2022-01-13,10337.42
000905.SH,2022-01-14,10237.43
000905.SH,2022-01-17,10391.37
000905.SH,2022-01-18,10713.75
000905.SH,2022-01-19,11170.8
000905.SH,2022-01-20,11345.09
000905.SH,2022-01-21,11436.15
000905.SH,2022-01-24,11538.15
000905.SH,2022-01-25,11746.65
000905.SH,2022-01-26,11584.32
000905.SH,2022-01-27,11322.88
000905.SH,2022-01-28,11439.29
000905.SH,2022-01-31,11477.33
000905.SH,2022-02-01,11545.93
000905.SH,2022-02-02,11642.36
000905.SH,2022-02-03,11762.9
000905.SH,2022-02-04,11825.6
000905.SH,2022-02-07,12067.85
000905.SH,2022-02-08,12232.24
000905.SH,2022-02-09,12354.08
000905.SH,2022-02-10,12443.57
000905.SH,2022-02-11,12378.63
000905.SH,2022-02-14,12625.72
000905.SH,2022-02-15,12710.86
000905.SH,2022-02-16,12810.11
000905.SH,2022-02-17,12856.98
000905.SH,2022-02-18,12593.91
000905.SH,2022-02-21,12277.14
000905.SH,2022-02-22,12170.77
000905.SH,2022-02-23,12705.18
000905.SH,2022-02-24,12519.85
000905.SH,2022-02-25,12786.07
000905.SH,2022-02-28,13054.97
000905.SH,2022-03-01,13237.11
000905.SH,2022-03-02,13093.02
000905.SH,2022-03-03,13122.65
000905.SH,2022-03-04,13221.97
000905.SH,2022-03-07,13333.64
000905.SH,2022-03-08,13203.32
000905.SH,2022-03-09,13201.47
000905.SH,2022-03-10,13069.25
000905.SH,2022-03-11,12959.06
000905.SH,2022-03-14,12882.46
000905.SH,2022-03-15,13010.21
000905.SH,2022-03-16,12725.02
000905.SH,2022-03-17,12992.25
000905.SH,2022-03-18,13031.62
000905.SH,2022-03-21,12910.59
000905.SH,2022-03-22,12832.58
000905.SH,2022-03-23,12548.75
000905.SH,2022-03-24,12607.18
000905.SH,2022-03-25,12386.04
000905.SH,2022-03-28,12321.52
000905.SH,2022-03-29,12782.52
000905.SH,2022-03-30,12619.59
000905.SH,2022-03-31,12408.48
000905.SH,2022-04-01,12310.79
000905.SH,2022-04-04,12547.84
000905.SH,2022-04-05,12682.41
000905.SH,2022-04-06,13080.43
000905.SH,2022-04-07,13076.57
000905.SH,2022-04-08,12826.43
000905.SH,2022-04-11,13113.87
000905.SH,2022-04-12,13380.49
000905.SH,2022-04-13,13953.68
000905.SH,2022-04-14,14208.99
000905.SH,2022-04-15,14202.88
000905.SH,2022-04-18,14206.71
000905.SH,2022-04-19,14047.8
000905.SH,2022-04-20,14050.26
000905.SH,2022-04-21,13904.43
000905.SH,2022-04-22,13562.03
000905.SH,2022-04-25,13428.22
000905.SH,2022-04-26,13345.72
000905.SH,2022-04-27,13173.82
000905.SH,2022-04-28,13264.88
000905.SH,2022-04-29,13343.75
000905.SH,2022-05-02,13469.32
000905.SH,2022-05-03,13319.49
000905.SH,2022-05-04,13356.9
000905.SH,2022-05-05,13235.22
000905.SH,2022-05-06,13205.21
000905.SH,2022-05-09,13078.12
000905.SH,2022-05-10,12854.92
000905.SH,2022-05-11,13011.76
000905.SH,2022-05-12,13353.06
000905.SH,2022-05-13,12997.32
000905.SH,2022-05-16,13227.93
000905.SH,2022-05-17,13373.88
000905.SH,2022-05-18,13366.64
000905.SH,2022-05-19,13074.5
000905.SH,2022-05-20,13090.41
000905.SH,2022-05-23,12845.65
000905.SH,2022-05-24,12559.77
000905.SH,2022-05-25,12498.65
000905.SH,2022-05-26,12545.57
000905.SH,2022-05-27,12650.19
000905.SH,2022-05-30,12992.39
000905.SH,2022-05-31,13307.43
000905.SH,2022-06-01,13224.95
000905.SH,2022-06-02,13075.17
000905.SH,2022-06-03,13239.13
000905.SH,2022-06-06,13024.66
000905.SH,2022-06-07,13142.97
000905.SH,2022-06-08,13252.14
000905.SH,2022-06-09,13211.68
000905.SH,2022-06-10,13522.15
000905.SH,2022-06-13,13637.72
000905.SH,2022-06-14,13974.0
000905.SH,2022-06-15,14190.56
000905.SH,2022-06-16,14157.95
000905.SH,2022-06-17,14534.38
000905.SH,2022-06-20,14969.5
000905.SH,2022-06-21,14938.84
000905.SH,2022-06-22,14622.44
000905.SH,2022-06-23,14448.45
000905.SH,2022-06-24,14496.59
000905.SH,2022-06-27,14495.56
000905.SH,2022-06-28,14488.11
000905.SH,2022-06-29,14767.19
000905.SH,2022-06-30,14904.01
000905.SH,2022-07-01,14633.27
000905.SH,2022-07-04,14775.1
000905.SH,2022-07-05,15144.34
000905.SH,2022-07-06,15497.07
000905.SH,2022-07-07,15719.85
000905.SH,2022-07-08,15560.54
000905.SH,2022-07-11,15682.92
000905.SH,2022-07-12,15972.87
000905.SH,2022-07-13,15476.01
000905.SH,2022-07-14,15678.71
000905.SH,2022-07-15,16023.0
000905.SH,2022-07-18,16344.31
000905.SH,2022-07-19,15686.78
000905.SH,2022-07-20,15745.37
000905.SH,2022-07-21,15836.48
000905.SH,2022-07-22,15839.81
000905.SH,2022-07-25,16039.41
000905.SH,2022-07-26,16013.42
000905.SH,2022-07-27,16346.95
000905.SH,2022-07-28,15900.93
000905.SH,2022-07-29,15882.83
000905.SH,2022-08-01,15426.06
000905.SH,2022-08-02,15479.2
000905.SH,2022-08-03,15558.01
000905.SH,2022-08-04,15637.28
000905.SH,2022-08-05,15837.23
000905.SH,2022-08-08,16080.59
000905.SH,2022-08-09,16332.05
000905.SH,2022-08-10,16449.22
000905.SH,2022-08-11,16433.07
000905.SH,2022-08-12,15880.17
000905.SH,2022-08-15,15975.5
000905.SH,2022-08-16,15998.16
000905.SH,2022-08-17,16102.63
000905.SH,2022-08-18,16224.86
000905.SH,2022-08-19,16331.68
000905.SH,2022-08-22,16421.08
000905.SH,2022-08-23,16758.12
000905.SH,2022-08-24,16679.99
000905.SH,2022-08-25,17120.56
000905.SH,2022-08-26,17166.7
000905.SH,2022-08-29,17134.74
000905.SH,2022-08-30,17565.14
000905.SH,2022-08-31,17194.0
000905.SH,2022-09-01,17747.58
000905.SH,2022-09-02,17179.65
000905.SH,2022-09-05,17803.6
000905.SH,2022-09-06,17817.87
000905.SH,2022-09-07,17612.03
000905.SH,2022-09-08,17808.95
000905.SH,2022-09-09,17441.54
000905.SH,2022-09-12,17570.12
000905.SH,2022-09-13,17519.02
000905.SH,2022-09-14,17311.4
000905.SH,2022-09-15,17326.45
000905.SH,2022-09-16,17599.63
000905.SH,2022-09-19,17750.23
000905.SH,2022-09-20,17876.07
000905.SH,2022-09-21,17532.71
000905.SH,2022-09-22,17553.11
000905.SH,2022-09-23,17280.63
000905.SH,2022-09-26,17258.92
000905.SH,2022-09-27,17336.77
000905.SH,2022-09-28,17065.16
000905.SH,2022-09-29,17071.75
000905.SH,2022-09-30,17925.74
000905.SH,2022-10-03,17669.53
000905.SH,2022-10-04,17686.71
000905.SH,2022-10-05,17564.57
000905.SH,2022-10-06,17943.17
000905.SH,2022-10-07,18218.14
000905.SH,2022-10-10,17901.34
000905.SH,2022-10-11,18202.62
000905.SH,2022-10-12,18072.2
000905.SH,2022-10-13,18206.38
000905.SH,2022-10-14,18270.32
000905.SH,2022-10-17,18308.42
000905.SH,2022-10-18,17946.36
000905.SH,2022-10-19,17820.9
000905.SH,2022-10-20,17353.9
000905.SH,2022-10-21,17043.32
000905.SH,2022-10-24,16671.71
000905.SH,2022-10-25,16572.07
000905.SH,2022-10-26,16365.11
000905.SH,2022-10-27,16199.48
000905.SH,2022-10-28,16165.27
000905.SH,2022-10-31,15858.64
000905.SH,2022-11-01,15957.88
000905.SH,2022-11-02,16100.81
000905.SH,2022-11-03,15933.6
000905.SH,2022-11-04,16046.93
000905.SH,2022-11-07,16191.11
000905.SH,2022-11-08,16553.61
000905.SH,2022-11-09,16559.8
000905.SH,2022-11-10,16554.23
000905.SH,2022-11-11,16545.39
000905.SH,2022-11-14,16739.48
000905.SH,2022-11-15,16670.81
000905.SH,2022-11-16,17136.85
000905.SH,2022-11-17,17218.66
000905.SH,2022-11-18,17074.92
000905.SH,2022-11-21,17118.55
000905.SH,2022-11-22,17398.44
000905.SH,2022-11-23,17550.9
000905.SH,2022-11-24,17240.69
000905.SH,2022-11-25,17380.2
000905.SH,2022-11-28,16994.67
000905.SH,2022-11-29,17115.36
000905.SH,2022-11-30,17059.67
000905.SH,2022-12-01,16921.26
000905.SH,2022-12-02,16704.0
000905.SH,2022-12-05,16525.53
000905.SH,2022-12-06,16933.66
000905.SH,2022-12-07,16625.95
000905.SH,2022-12-08,16461.43
000905.SH,2022-12-09,16547.84
000905.SH,2022-12-12,16531.57
000905.SH,2022-12-13,16260.84
000905.SH,2022-12-14,16388.86
000905.SH,2022-12-15,16281.85
000905.SH,2022-12-16,16482.56
000905.SH,2022-12-19,16278.84
000905.SH,2022-12-20,16122.9
000905.SH,2022-12-21,15962.99
000905.SH,2022-12-22,15878.72
000905.SH,2022-12-23,15769.38
000905.SH,2022-12-26,15796.99
000905.SH,2022-12-27,15464.05
000905.SH,2022-12-28,15526.33
000905.SH,2022-12-29,15422.25
000905.SH,2022-12-30,15040.78
000905.SH,2023-01-02,15235.11
000905.SH,2023-01-03,14805.27
000905.SH,2023-01-04,14682.91
000905.SH,2023-01-05,14841.52
000905.SH,2023-01-06,15025.48
000905.SH,2023-01-09,15198.55
000905.SH,2023-01-10,15120.07
000905.SH,2023-01-11,15277.68
000905.SH,2023-01-12,15223.22
000905.SH,2023-01-13,14983.29
000905.SH,2023-01-16,15249.56
000905.SH,2023-01-17,15266.9
000905.SH,2023-01-18,15135.53
000905.SH,2023-01-19,15087.56
000905.SH,2023-01-20,15024.74
000905.SH,2023-01-23,14922.34
000905.SH,2023-01-24,15114.09
000905.SH,2023-01-25,15281.57
000905.SH,2023-01-26,15475.98
000905.SH,2023-01-27,15684.76
000905.SH,2023-01-30,15528.8
000905.SH,2023-01-31,15275.86
000905.SH,2023-02-01,14982.47
000905.SH,2023-02-02,14807.56
000905.SH,2023-02-03,14830.11
000905.SH,2023-02-06,14869.59
000905.SH,2023-02-07,15122.79
000905.SH,2023-02-08,14920.51
000905.SH,2023-02-09,15360.91
000905.SH,2023-02-10,15491.98
000905.SH,2023-02-13,15511.8
000905.SH,2023-02-14,15238.06
000905.SH,2023-02-15,15393.59
000905.SH,2023-02-16,14860.86
000905.SH,2023-02-17,14592.85
000905.SH,2023-02-20,14696.19
000905.SH,2023-02-21,14954.01
000905.SH,2023-02-22,15488.09
000905.SH,2023-02-23,15371.24
000905.SH,2023-02-24,15658.04
000905.SH,2023-02-27,15334.27
000905.SH,2023-02-28,15311.14
000905.SH,2023-03-01,15158.49
000905.SH,2023-03-02,14877.51
000905.SH,2023-03-03,14481.63
000905.SH,2023-03-06,14457.46
000905.SH,2023-03-07,14273.07
000905.SH,2023-03-08,14251.32
000905.SH,2023-03-09,13956.06
000905.SH,2023-03-10,13877.62
000905.SH,2023-03-13,13817.18
000905.SH,2023-03-14,13568.66
000905.SH,2023-03-15,13303.75
000905.SH,2023-03-16,13277.77
000905.SH,2023-03-17,12967.08
000905.SH,2023-03-20,13247.3
000905.SH,2023-03-21,13376.84
000905.SH,2023-03-22,13555.4
000905.SH,2023-03-23,13070.74
000905.SH,2023-03-24,13026.83
000905.SH,2023-03-27,13138.11
000905.SH,2023-03-28,12871.32
000905.SH,2023-03-29,13129.26
000905.SH,2023-03-30,12967.5
000905.SH,2023-03-31,12916.34
000905.SH,2023-04-03,13056.28
000905.SH,2023-04-04,12870.96
000905.SH,2023-04-05,13139.75
000905.SH,2023-04-06,13501.37
000905.SH,2023-04-07,13638.54
000905.SH,2023-04-10,13489.59
000905.SH,2023-04-11,13667.6
000905.SH,2023-04-12,13795.25
000905.SH,2023-04-13,13864.22
000905.SH,2023-04-14,13563.74
000905.SH,2023-04-17,13177.29
000905.SH,2023-04-18,12903.07
000905.SH,2023-04-19,12570.86
000905.SH,2023-04-20,12691.91
000905.SH,2023-04-21,12895.48
000905.SH,2023-04-24,13070.58
000905.SH,2023-04-25,13161.7
000905.SH,2023-04-26,13150.56
000905.SH,2023-04-27,13288.72
000905.SH,2023-04-28,13716.09
000905.SH,2023-05-01,13779.89
000905.SH,2023-05-02,14054.26
000905.SH,2023-05-03,14246.46
000905.SH,2023-05-04,14559.18
000905.SH,2023-05-05,14667.32
000905.SH,2023-05-08,14763.14
000905.SH,2023-05-09,15022.74
000905.SH,2023-05-10,14973.33
000905.SH,2023-05-11,15020.52
000905.SH,2023-05-12,15171.21
000905.SH,2023-05-15,15005.39
000905.SH,2023-05-16,15039.56
000905.SH,2023-05-17,14825.88
000905.SH,2023-05-18,14642.34
000905.SH,2023-05-19,14386.58
000905.SH,2023-05-22,14451.15
000905.SH,2023-05-23,14267.52
000905.SH,2023-05-24,14115.66
000905.SH,2023-05-25,14065.13
000905.SH,2023-05-26,14120.5
000905.SH,2023-05-29,13992.4
000905.SH,2023-05-30,14038.47
000905.SH,2023-05-31,13645.8
000905.SH,2023-06-01,13634.48
000905.SH,2023-06-02,13679.89
000905.SH,2023-06-05,13329.57
000905.SH,2023-06-06,13575.91
000905.SH,2023-06-07,13597.01
000905.SH,2023-06-08,13942.14
000905.SH,2023-06-09,14075.75
000905.SH,2023-06-12,14233.91
000905.SH,2023-06-13,14414.63
000905.SH,2023-06-14,14566.03
000905.SH,2023-06-15,14578.3
000905.SH,2023-06-16,14468.24
000905.SH,2023-06-19,14725.66
000905.SH,2023-06-20,15086.2
000905.SH,2023-06-21,15017.82
000905.SH,2023-06-22,14733.76
000905.SH,2023-06-23,14558.64
000905.SH,2023-06-26,14462.7
000905.SH,2023-06-27,14659.53
000905.SH,2023-06-28,14738.39
000905.SH,2023-06-29,14730.75
000905.SH,2023-06-30,15074.68
000905.SH,2023-07-03,15247.99
000905.SH,2023-07-04,15124.22
000905.SH,2023-07-05,15095.39
000905.SH,2023-07-06,14984.46
000905.SH,2023-07-07,14735.17
000905.SH,2023-07-10,14473.81
000905.SH,2023-07-11,14081.34
000905.SH,2023-07-12,13893.95
000905.SH,2023-07-13,13720.86
000905.SH,2023-07-14,13873.34
000905.SH,2023-07-17,13744.96
000905.SH,2023-07-18,13628.97
000905.SH,2023-07-19,13755.1
000905.SH,2023-07-20,13910.94
000905.SH,2023-07-21,13231.61
000905.SH,2023-07-24,13214.2
000905.SH,2023-07-25,13500.31
000905.SH,2023-07-26,13296.31
000905.SH,2023-07-27,12949.67
000905.SH,2023-07-28,13019.38
000905.SH,2023-07-31,13294.66
000905.SH,2023-08-01,13052.81
000905.SH,2023-08-02,13088.28
000905.SH,2023-08-03,13372.39
000905.SH,2023-08-04,13222.28
000905.SH,2023-08-07,12971.01
000905.SH,2023-08-08,13082.5
000905.SH,2023-08-09,13056.1
000905.SH,2023-08-10,13151.94
000905.SH,2023-08-11,12952.94
000905.SH,2023-08-14,13193.34
000905.SH,2023-08-15,13111.88
000905.SH,2023-08-16,13480.61
000905.SH,2023-08-17,13718.19
000905.SH,2023-08-18,13842.87
000905.SH,2023-08-21,13897.22
000905.SH,2023-08-22,14137.69
000905.SH,2023-08-23,14470.43
000905.SH,2023-08-24,14582.85
000905.SH,2023-08-25,14608.98
000905.SH,2023-08-28,14733.91
000905.SH,2023-08-29,14391.14
000905.SH,2023-08-30,14478.34
000905.SH,2023-08-31,13945.71
000905.SH,2023-09-01,13792.83
000905.SH,2023-09-04,14118.47
000905.SH,2023-09-05,14350.79
000905.SH,2023-09-06,14146.2
000905.SH,2023-09-07,13646.6
000905.SH,2023-09-08,13882.83
000905.SH,2023-09-11,14285.08
000905.SH,2023-09-12,14237.45
000905.SH,2023-09-13,14214.85
000905.SH,2023-09-14,14279.22
000905.SH,2023-09-15,14379.61
000905.SH,2023-09-18,14113.26
000905.SH,2023-09-19,14133.23
000905.SH,2023-09-20,14447.12
000905.SH,2023-09-21,13958.17
000905.SH,2023-09-22,14079.87
000905.SH,2023-09-25,13933.3
000905.SH,2023-09-26,14190.66
000905.SH,2023-09-27,14705.01
000905.SH,2023-09-28,15208.94
000905.SH,2023-09-29,15229.71
000905.SH,2023-10-02,15370.91
000905.SH,2023-10-03,14703.18
000905.SH,2023-10-04,14945.52
000905.SH,2023-10-05,15031.69
000905.SH,2023-10-06,15178.86
000905.SH,2023-10-09,15620.58
000905.SH,2023-10-10,15351.76
000905.SH,2023-10-11,15461.4
000905.SH,2023-10-12,15642.8
000905.SH,2023-10-13,15507.2
000905.SH,2023-10-16,15458.42
000905.SH,2023-10-17,15971.86
000905.SH,2023-10-18,16215.67
000905.SH,2023-10-19,16075.1
000905.SH,2023-10-20,16215.99
000905.SH,2023-10-23,15835.97
000905.SH,2023-10-24,16365.71
000905.SH,2023-10-25,16305.07
000905.SH,2023-10-26,16436.47
000905.SH,2023-10-27,16463.93
000905.SH,2023-10-30,16307.62
000905.SH,2023-10-31,16423.25
000905.SH,2023-11-01,16634.98
000905.SH,2023-11-02,16691.21
000905.SH,2023-11-03,16290.9
000905.SH,2023-11-06,16409.85
000905.SH,2023-11-07,16396.32
000905.SH,2023-11-08,16298.69
000905.SH,2023-11-09,15999.6
000905.SH,2023-11-10,15976.7
000905.SH,2023-11-13,16126.9
000905.SH,2023-11-14,16407.44
000905.SH,2023-11-15,16469.55
000905.SH,2023-11-16,16677.95
000905.SH,2023-11-17,17110.05
000905.SH,2023-11-20,16370.96
000905.SH,2023-11-21,16507.02
000905.SH,2023-11-22,16450.51
000905.SH,2023-11-23,16396.46
000905.SH,2023-11-24,16080.27
000905.SH,2023-11-27,16237.62
000905.SH,2023-11-28,16372.44
000905.SH,2023-11-29,16413.18
000905.SH,2023-11-30,16774.47
000905.SH,2023-12-01,16722.71
000905.SH,2023-12-04,17029.69
000905.SH,2023-12-05,17401.78
000905.SH,2023-12-06,17243.91
000905.SH,2023-12-07,16932.15
000905.SH,2023-12-08,16419.43
000905.SH,2023-12-11,16605.31
000905.SH,2023-12-12,16332.23
000905.SH,2023-12-13,16699.74
000905.SH,2023-12-14,16488.87
000905.SH,2023-12-15,16849.52
000905.SH,2023-12-18,16627.81
000905.SH,2023-12-19,16891.72
000905.SH,2023-12-20,16592.97
000905.SH,2023-12-21,16238.33
000905.SH,2023-12-22,15959.48
000905.SH,2023-12-25,15983.02
000905.SH,2023-12-26,16079.67
000905.SH,2023-12-27,16411.9
000905.SH,2023-12-28,16495.65
000905.SH,2023-12-29,16632.47
000905.SH,2024-01-01,16639.78
000905.SH,2024-01-02,16650.61
000905.SH,2024-01-03,16578.98
000905.SH,2024-01-04,16884.69
000905.SH,2024-01-05,16830.98
000905.SH,2024-01-08,16928.72
000905.SH,2024-01-09,17036.49
000905.SH,2024-01-10,17024.9
000905.SH,2024-01-11,17332.54
000905.SH,2024-01-12,17394.49
000905.SH,2024-01-15,17026.46
000905.SH,2024-01-16,16987.69
000905.SH,2024-01-17,17342.13
000905.SH,2024-01-18,17722.29
000905.SH,2024-01-19,17393.87
000905.SH,2024-01-22,17543.24
000905.SH,2024-01-23,17553.94
000905.SH,2024-01-24,17507.52
000905.SH,2024-01-25,17708.71
000905.SH,2024-01-26,17504.66
000905.SH,2024-01-29,17199.38
000905.SH,2024-01-30,17160.52
000905.SH,2024-01-31,17207.37
000905.SH,2024-02-01,17437.37
000905.SH,2024-02-02,17319.01
000905.SH,2024-02-05,17621.93
000905.SH,2024-02-06,17805.11
000905.SH,2024-02-07,17641.6
000905.SH,2024-02-08,17682.32
000905.SH,2024-02-09,17805.68
000905.SH,2024-02-12,18019.51
000905.SH,2024-02-13,17833.06
000905.SH,2024-02-14,18208.35
000905.SH,2024-02-15,18625.69
000905.SH,2024-02-16,18982.4
000905.SH,2024-02-19,19187.94
000905.SH,2024-02-20,19546.92
000905.SH,2024-02-21,19278.69
000905.SH,2024-02-22,18555.07
000905.SH,2024-02-23,19011.67
000905.SH,2024-02-26,19628.96
000905.SH,2024-02-27,20023.6
000905.SH,2024-02-28,20137.23
000905.SH,2024-02-29,20091.6
000905.SH,2024-03-01,20059.87
000905.SH,2024-03-04,20645.92
000905.SH,2024-03-05,20743.55
000905.SH,2024-03-06,20627.37
000905.SH,2024-03-07,21047.05
000905.SH,2024-03-08,21232.63
000905.SH,2024-03-11,21077.98
000905.SH,2024-03-12,21762.43
000905.SH,2024-03-13,21779.92
000905.SH,2024-03-14,21575.64
000905.SH,2024-03-15,21479.54
000905.SH,2024-03-18,21424.76
000905.SH,2024-03-19,21119.48
000905.SH,2024-03-20,20924.86
000905.SH,2024-03-21,20818.79
000905.SH,2024-03-22,20792.3
000905.SH,2024-03-25,20932.57
000905.SH,2024-03-26,21137.46
000905.SH,2024-03-27,20490.58
000905.SH,2024-03-28,20065.17
000905.SH,2024-03-29,20216.03
000905.SH,2024-04-01,20633.77
000905.SH,2024-04-02,20754.44
000905.SH,2024-04-03,20418.4
000905.SH,2024-04-04,20686.17
000905.SH,2024-04-05,21010.58
000905.SH,2024-04-08,20203.38
000905.SH,2024-04-09,21054.77
000905.SH,2024-04-10,20528.16
000905.SH,2024-04-11,20260.37
000905.SH,2024-04-12,20410.67
000905.SH,2024-04-15,20555.3
000905.SH,2024-04-16,20610.37
000905.SH,2024-04-17,20597.31
000905.SH,2024-04-18,20391.49
000905.SH,2024-04-19,20366.6
000905.SH,2024-04-22,20514.3
000905.SH,2024-04-23,20327.56
000905.SH,2024-04-24,20708.35
000905.SH,2024-04-25,20692.43
000905.SH,2024-04-26,20457.6
000905.SH,2024-04-29,20440.79
000905.SH,2024-04-30,20633.21
000905.SH,2024-05-01,21032.5
000905.SH,2024-05-02,20831.77
000905.SH,2024-05-03,20992.74
000905.SH,2024-05-06,21427.66
000905.SH,2024-05-07,21262.87
000905.SH,2024-05-08,21088.28
000905.SH,2024-05-09,21212.04
000905.SH,2024-05-10,21649.57
000905.SH,2024-05-13,21667.03
000905.SH,2024-05-14,21563.43
000905.SH,2024-05-15,21914.71
000905.SH,2024-05-16,22337.51
000905.SH,2024-05-17,22408.95
000905.SH,2024-05-20,22546.73
000905.SH,2024-05-21,22590.04
000905.SH,2024-05-22,22436.08
000905.SH,2024-05-23,22624.73
000905.SH,2024-05-24,22494.83
000905.SH,2024-05-27,22346.91
000905.SH,2024-05-28,22681.58
000905.SH,2024-05-29,22786.28
000905.SH,2024-05-30,22694.4
000905.SH,2024-05-31,22110.19
000905.SH,2024-06-03,22206.55
000905.SH,2024-06-04,23018.48
000905.SH,2024-06-05,23113.93
000905.SH,2024-06-06,23116.74
000905.SH,2024-06-07,22989.6
000905.SH,2024-06-10,23114.82
000905.SH,2024-06-11,22789.07
000905.SH,2024-06-12,22998.87
000905.SH,2024-06-13,22645.13
000905.SH,2024-06-14,23189.78
000905.SH,2024-06-17,23474.04
000905.SH,2024-06-18,23393.16
000905.SH,2024-06-19,23270.29
000905.SH,2024-06-20,23582.27
000905.SH,2024-06-21,23486.04
000905.SH,2024-06-24,23656.34
000905.SH,2024-06-25,23533.37
000905.SH,2024-06-26,23607.36
000905.SH,2024-06-27,23628.2
000905.SH,2024-06-28,23919.31
000905.SH,2024-07-01,23765.18
000905.SH,2024-07-02,24147.6
000905.SH,2024-07-03,24623.47
000905.SH,2024-07-04,24271.36
000905.SH,2024-07-05,25057.32
000905.SH,2024-07-08,25099.9
000905.SH,2024-07-09,24911.8
000905.SH,2024-07-10,24815.63
000905.SH,2024-07-11,24920.59
000905.SH,2024-07-12,24984.53
000905.SH,2024-07-15,24745.11
000905.SH,2024-07-16,24733.21
000905.SH,2024-07-17,24323.25
000905.SH,2024-07-18,24149.75
000905.SH,2024-07-19,24703.4
000905.SH,2024-07-22,24656.72
000905.SH,2024-07-23,25062.29
000905.SH,2024-07-24,24809.59
000905.SH,2024-07-25,24805.91
000905.SH,2024-07-26,24950.66
000905.SH,2024-07-29,24981.85
000905.SH,2024-07-30,24605.05
000905.SH,2024-07-31,24389.91
000905.SH,2024-08-01,24504.14
000905.SH,2024-08-02,25212.95
000905.SH,2024-08-05,25109.74
000905.SH,2024-08-06,25292.55
000905.SH,2024-08-07,25032.37
000905.SH,2024-08-08,24810.77
000905.SH,2024-08-09,24428.67
000905.SH,2024-08-12,24512.25
000905.SH,2024-08-13,24548.02
000905.SH,2024-08-14,24704.55
000905.SH,2024-08-15,24849.43
000905.SH,2024-08-16,24788.63
000905.SH,2024-08-19,24288.95
000905.SH,2024-08-20,24615.87
000905.SH,2024-08-21,24527.3
000905.SH,2024-08-22,24763.94
000905.SH,2024-08-23,24712.24
000905.SH,2024-08-26,24838.04
000905.SH,2024-08-27,24710.52
000905.SH,2024-08-28,24332.95
000905.SH,2024-08-29,24823.77
000905.SH,2024-08-30,24907.1
000905.SH,2024-09-02,24680.21
000905.SH,2024-09-03,24118.69
000905.SH,2024-09-04,24450.61
000905.SH,2024-09-05,25037.94
000905.SH,2024-09-06,25046.99
000905.SH,2024-09-09,25948.24
000905.SH,2024-09-10,25706.72
000905.SH,2024-09-11,25674.57
000905.SH,2024-09-12,25524.78
000905.SH,2024-09-13,25973.86
000905.SH,2024-09-16,25271.71
000905.SH,2024-09-17,25013.11
000905.SH,2024-09-18,24847.67
000905.SH,2024-09-19,24749.08
000905.SH,2024-09-20,25426.44
000905.SH,2024-09-23,25967.29
000905.SH,2024-09-24,26565.1
000905.SH,2024-09-25,26571.59
000905.SH,2024-09-26,26418.97
000905.SH,2024-09-27,26465.81
000905.SH,2024-09-30,26765.35
000905.SH,2024-10-01,26723.63
000905.SH,2024-10-02,26698.12
000905.SH,2024-10-03,26807.88
000905.SH,2024-10-04,26801.99
000905.SH,2024-10-07,26905.92
000905.SH,2024-10-08,27099.28
000905.SH,2024-10-09,26773.96
000905.SH,2024-10-10,26913.43
000905.SH,2024-10-11,26836.97
000905.SH,2024-10-14,27358.55
000905.SH,2024-10-15,27432.42
000905.SH,2024-10-16,26676.52
000905.SH,2024-10-17,26502.03
000905.SH,2024-10-18,26184.15
000905.SH,2024-10-21,25861.95
000905.SH,2024-10-22,25939.86
000905.SH,2024-10-23,26282.74
000905.SH,2024-10-24,25819.31
000905.SH,2024-10-25,25573.68
000905.SH,2024-10-28,25283.41
000905.SH,2024-10-29,25506.61
000905.SH,2024-10-30,26320.01
000905.SH,2024-10-31,26475.74
000905.SH,2024-11-01,26800.28
000905.SH,2024-11-04,27030.76
000905.SH,2024-11-05,27069.85
000905.SH,2024-11-06,27708.19
000905.SH,2024-11-07,26905.16
000905.SH,2024-11-08,26450.88
000905.SH,2024-11-11,26598.62
000905.SH,2024-11-12,26494.63
000905.SH,2024-11-13,26048.2
000905.SH,2024-11-14,25701.17
000905.SH,2024-11-15,25183.37
000905.SH,2024-11-18,25138.35
000905.SH,2024-11-19,24957.59
000905.SH,2024-11-20,24624.29
000905.SH,2024-11-21,24883.84
000905.SH,2024-11-22,25198.99
000905.SH,2024-11-25,25150.84
000905.SH,2024-11-26,24901.88
000905.SH,2024-11-27,24884.4
000905.SH,2024-11-28,24686.36
000905.SH,2024-11-29,25384.93
000905.SH,2024-12-02,24972.95
000905.SH,2024-12-03,24994.14
000905.SH,2024-12-04,24787.81
000905.SH,2024-12-05,24774.71
000905.SH,2024-12-06,24618.95
000905.SH,2024-12-09,25003.89
000905.SH,2024-12-10,24359.93
000905.SH,2024-12-11,24289.33
000905.SH,2024-12-12,24387.09
000905.SH,2024-12-13,25019.41
000905.SH,2024-12-16,25444.64
000905.SH,2024-12-17,25545.44
000905.SH,2024-12-18,25865.14
000905.SH,2024-12-19,25386.46
000905.SH,2024-12-20,25984.15
000905.SH,2024-12-23,26509.11
000905.SH,2024-12-24,26570.29
000905.SH,2024-12-25,26704.38
000905.SH,2024-12-26,26714.17
000905.SH,2024-12-27,26570.23
000905.SH,2024-12-30,26667.24
000905.SH,2024-12-31,27348.24
